origin_lat,origin_lon,dest_lat,dest_lon,city_name
25.03225,-77.38968,25.07744,-77.34075,Nassau_New Providence_BHS
43.646,-79.38424,43.64869,-79.38544,Toronto_Ontario_CAN
45.53099,-73.61904,45.5124,-73.55469,Montreal_Quebec_CAN
50.9068,-113.94777,51.04532,-114.06301,Calgary_Alberta_CAN
45.3572,-75.79073,45.42178,-75.69119,Ottawa_Ontario_CAN
53.50841,-113.50441,53.54624,-113.49037,Edmonton_Alberta_CAN
43.64433,-79.70958,43.58691,-79.64535,Mississauga_Ontario_CAN
49.92215,-97.17141,49.89953,-97.14113,Winnipeg_Manitoba_CAN
49.28337,-123.12109,49.26038,-123.11336,Vancouver_British Columbia_CAN
43.7652,-79.73495,43.68431,-79.75872,Brampton_Ontario_CAN
43.23541,-79.87696,43.26197,-79.888,Hamilton_Ontario_CAN
46.79681,-71.32039,46.81273,-71.2193,Quebec City_Quebec_CAN
49.2162,-122.84736,49.19165,-122.85002,Surrey_British Columbia_CAN
44.64572,-63.66319,44.64548,-63.57655,Halifax_Nova Scotia_CAN
42.94397,-81.20904,42.9869,-81.24624,London_Ontario_CAN
43.84733,-79.34802,43.85651,-79.33982,Markham_Ontario_CAN
43.85835,-79.50445,43.8565,-79.50762,Vaughan_Ontario_CAN
49.22717,-122.98896,49.24455,-122.97299,Burnaby_British Columbia_CAN
52.07543,-106.61373,52.13049,-106.65926,Saskatoon_Saskatchewan_CAN
43.48881,-80.4732,43.45124,-80.49304,Kitchener_Ontario_CAN
42.27396,-82.9991,42.31785,-83.03387,Windsor_Ontario_CAN
50.43348,-104.53217,50.44825,-104.59517,Regina_Saskatchewan_CAN
49.19224,-123.13491,49.16335,-123.13664,Richmond_British Columbia_CAN
43.85469,-79.43431,43.84745,-79.37849,Richmond Hill_Ontario_CAN
43.39371,-79.73985,43.46643,-79.69001,Oakville_Ontario_CAN
43.35394,-79.78824,43.3262,-79.79863,Burlington_Ontario_CAN
46.49149,-81.00713,46.48959,-80.99011,Greater Sudbury_Ontario_CAN
43.87711,-78.85672,43.88869,-78.85952,Oshawa_Ontario_CAN
44.41071,-79.68821,44.3893,-79.68626,Barrie_Ontario_CAN
49.05376,-122.32885,49.05162,-122.3293,Abbotsford_British Columbia_CAN
43.15353,-79.26527,43.15635,-79.24869,St Catharines_Ontario_CAN
46.34781,-72.56845,46.34017,-72.54503,Trois-Rivieres_Quebec_CAN
43.35729,-80.3154,43.36141,-80.31533,Cambridge_Ontario_CAN
49.23643,-122.87043,49.28492,-122.79438,Coquitlam_British Columbia_CAN
44.24294,-76.56222,44.23154,-76.47933,Kingston_Ontario_CAN
43.90414,-78.9488,43.89952,-78.94125,Whitby_Ontario_CAN
43.55897,-80.22281,43.54456,-80.24788,Guelph_Ontario_CAN
49.84764,-119.38321,49.88698,-119.49661,Kelowna_British Columbia_CAN
48.52601,-123.36838,48.45895,-123.37672,Saanich_British Columbia_CAN
43.86801,-79.03931,43.85076,-79.02107,Ajax_Ontario_CAN
48.40447,-89.24211,48.38169,-89.2455,Thunder Bay_Ontario_CAN
47.57749,-52.72911,47.56064,-52.71232,St John's_Newfoundland and Labrador_CAN
49.08582,-122.62141,49.12069,-122.65565,Langley Twp_British Columbia_CAN
42.41659,-82.20242,42.40462,-82.1896,Chatham-Kent_Ontario_CAN
9.92077,-84.08248,9.92975,-84.08569,San José_San José_CRI
23.13635,-82.37662,23.13211,-82.36749,Ciudad de la Habana_Ciudad de la Habana_CUB
20.05336,-75.80889,20.02583,-75.80809,Santiago de Cuba_Santiago de Cuba_CUB
20.84588,-76.25704,20.88774,-76.2588,Holguín_Holguín_CUB
21.40336,-77.89629,21.39056,-77.9417,Camagüey_Camagüey_CUB
20.14589,-75.20055,20.14378,-75.20729,Guantánamo_Guantánamo_CUB
22.37626,-79.96709,22.40787,-79.96504,Santa Clara_Villa Clara_CUB
20.35577,-76.5945,20.36447,-76.64083,Bayamo_Granma_CUB
23.10897,-82.36576,23.09748,-82.36272,Diez de Octubre_Ciudad de la Habana_CUB
23.04304,-82.33164,23.04394,-82.32547,Arroyo Naranjo_Ciudad de la Habana_CUB
20.97168,-76.97381,20.9764,-76.99196,Las Tunas_Las Tunas_CUB
22.39999,-83.69398,22.41553,-83.69448,Pinar del Rio_Pinar del Rio_CUB
23.05345,-82.38171,23.00028,-82.40615,Boyeros_Ciudad de la Habana_CUB
23.0979,-82.4509,23.09395,-82.44809,Playa_Ciudad de la Habana_CUB
23.1486,-82.3362,23.15748,-82.32851,Habana del Este_Ciudad de la Habana_CUB
22.16357,-80.44673,22.1359,-80.43931,Cienfuegos_Cienfuegos_CUB
23.08919,-82.31732,23.08725,-82.30625,San Miguel del Padrón_Ciudad de la Habana_CUB
23.11844,-82.39542,23.12646,-82.39539,Plaza de la Revolución_Ciudad de la Habana_CUB
23.13817,-82.36906,23.13477,-82.36948,Centro Habana_Ciudad de la Habana_CUB
23.07652,-81.53525,23.04676,-81.58598,Matanzas_Matanzas_CUB
21.82439,-78.74365,21.84054,-78.76468,Ciego de Ávila_Ciego de Ávila_CUB
21.94781,-79.44824,21.9289,-79.443,Sancti Spiritus_Sancti Spiritus_CUB
23.00272,-81.19666,23.04093,-81.20101,Cárdenas_Matanzas_CUB
23.05352,-82.4055,23.06981,-82.42618,Marianao_Ciudad de la Habana_CUB
23.0035,-82.47288,23.06209,-82.4432,La Lisa_Ciudad de la Habana_CUB
23.08059,-82.39009,23.11223,-82.38075,Cerro_Ciudad de la Habana_CUB
20.20296,-75.97257,20.20693,-75.98999,Palma Soriano_Santiago de Cuba_CUB
23.13629,-82.29747,23.12045,-82.29276,Guanabacoa_Ciudad de la Habana_CUB
20.26568,-76.27423,20.29436,-76.24632,Contramaestre_Santiago de Cuba_CUB
20.6598,-75.67,20.65632,-75.67746,Mayarí Arriba_Holguín_CUB
18.48035,-69.97184,18.47185,-69.89139,Santo Domingo_Distrito Nacional_DOM
18.48555,-69.84379,18.50533,-69.85668,Santo Domingo Este_Santo Domingo_DOM
19.41673,-70.69483,19.45368,-70.70743,Santiago_Santiago_DOM
18.53852,-69.88967,18.55168,-69.90023,Santo Domingo Norte_Santo Domingo_DOM
18.46247,-69.99281,18.48344,-69.99949,Santo Domingo Oeste_Santo Domingo_DOM
18.42015,-70.13345,18.41309,-70.10808,San Cristobal_San Cristobal_DOM
19.23526,-70.52948,19.22521,-70.52183,La Vega_La Vega_DOM
18.45944,-69.20259,18.46579,-69.29916,San Pedro de Macorís_San Pedro de Macorís_DOM
18.44423,-68.94037,18.42556,-68.96918,La Romana_La Romana_DOM
18.51296,-70.04131,18.52482,-70.02684,Los Alcarrizos_Santo Domingo_DOM
19.30087,-70.28104,19.29783,-70.25314,San Francisco de Macorís_Duarte_DOM
19.7906,-70.70069,19.78781,-70.69455,Puerto Plata_Puerto Plata_DOM
18.53121,-68.67906,18.61664,-68.71406,Higüey_La Altagracia_DOM
19.37954,-70.50013,19.3993,-70.52795,Moca_Espaillat_DOM
18.80739,-71.22108,18.80641,-71.23086,San Juan de la Maguana_San Juan_DOM
18.91721,-70.39739,18.93313,-70.40818,Bonao_Monseñor Nouel_DOM
18.21963,-70.49378,18.28055,-70.33373,Baní_Peravia_DOM
14.64899,-90.46318,14.63175,-90.4675,Guatemala_Guatemala_GTM
14.65373,-90.56667,14.64882,-90.58072,Mixco_Guatemala_GTM
14.52629,-90.60256,14.535,-90.60756,Villa Nueva_Guatemala_GTM
15.48097,-90.30791,15.488,-90.30322,San Pedro Carchá_Alta Verapaz_GTM
15.47139,-90.37817,15.4802,-90.37688,Cobán_Alta Verapaz_GTM
14.83454,-91.53019,14.82081,-91.51665,Quetzaltenango_Quetzaltenango_GTM
14.31072,-90.78536,14.32797,-90.78978,Escuintla_Escuintla_GTM
14.10363,-87.16309,14.08192,-87.20551,Tegucigalpa_Francisco Morazán_HND
15.48179,-87.95769,15.50393,-88.01588,San Pedro Sula_Cortés_HND
15.60022,-87.95225,15.60524,-87.95587,Choloma_Cortés_HND
15.75468,-86.81618,15.77012,-86.73836,La Ceiba_Atlántida_HND
15.4031,-87.81417,15.45074,-87.78862,El Progreso_Yoro_HND
17.96961,-76.7838,17.97093,-76.78827,Kingston_Kingston_JAM
17.98411,-76.96467,17.99505,-76.95337,Spanish Town_St Catherine_JAM
19.43302,-99.14385,19.43194,-99.13315,Ciudad de México_Distrito Federal_MEX
19.35829,-99.08703,19.35919,-99.09133,Iztapalapa_Distrito Federal_MEX
19.59793,-99.04876,19.59938,-99.04776,Ecatepec de Morelos_México_MEX
20.67987,-103.3479,20.6876,-103.35111,Guadalajara_Jalisco_MEX
19.04219,-98.20197,19.04386,-98.19756,Puebla_Puebla_MEX
19.48419,-99.11895,19.48302,-99.11419,Gustavo A Madero_Distrito Federal_MEX
31.73964,-106.47809,31.73836,-106.48776,Juárez_Chihuahua_MEX
32.53277,-117.04576,32.53505,-117.04097,Tijuana_Baja California_MEX
21.12383,-101.67787,21.12377,-101.68213,León_Guanajuato_MEX
19.4062,-99.01558,19.40785,-99.01895,Nezahualcóyotl_México_MEX
25.67254,-100.31456,25.67093,-100.30999,Monterrey_Nuevo León_MEX
20.7216,-103.39095,20.72162,-103.39334,Zapopan_Jalisco_MEX
19.47312,-99.23212,19.47824,-99.23263,Naucalpan de Juárez_México_MEX
24.80785,-107.39658,24.80773,-107.39446,Culiacán_Sinaloa_MEX
19.39102,-99.19408,19.38944,-99.19454,Álvaro Obregón_Distrito Federal_MEX
19.53575,-99.19388,19.53931,-99.19337,Tlalnepantla de Baz_México_MEX
25.67984,-100.26274,25.67757,-100.2591,Guadalupe_Nuevo León_MEX
20.97092,-89.62234,20.9667,-89.62317,Mérida_Yucatán_MEX
28.64528,-106.07372,28.63568,-106.07592,Chihuahua_Chihuahua_MEX
19.34956,-99.16178,19.34987,-99.16173,Coyoacán_Distrito Federal_MEX
25.42504,-100.99616,25.42227,-101.00094,Saltillo_Coahuila_MEX
22.15128,-100.97671,22.1527,-100.97663,San Luis Potosí_San Luis Potosí_MEX
16.84794,-99.91559,16.84948,-99.90943,Acapulco de Juárez_Guerrero_MEX
19.70136,-101.18965,19.70295,-101.19365,Morelia_Michoacán_MEX
20.59176,-100.39189,20.5921,-100.396,Querétaro_Querétaro_MEX
21.88758,-102.29656,21.8812,-102.29609,Aguascalientes_Aguascalientes_MEX
21.16901,-86.82632,21.16872,-86.82644,Benito Juárez_Quintana Roo_MEX
32.63917,-115.47251,32.6411,-115.4745,Mexicali_Baja California_MEX
29.07502,-110.95936,29.07455,-110.95912,Hermosillo_Sonora_MEX
19.28027,-99.168,19.28843,-99.16667,Tlalpan_Distrito Federal_MEX
21.16217,-86.83727,21.16218,-86.83569,Cancún_Quintana Roo_MEX
19.43439,-99.15793,19.43666,-99.15353,Cuauhtémoc_Distrito Federal_MEX
25.54089,-103.45217,25.53981,-103.45325,Torreón_Coahuila_MEX
25.7578,-100.27191,25.76006,-100.27355,San Nicolás de los Garza_Nuevo León_MEX
19.4173,-98.94765,19.41649,-98.94482,Chimalhuacán_México_MEX
19.54294,-99.23422,19.54397,-99.23506,Atizapán de Zaragoza_México_MEX
24.00404,-104.68126,24.00683,-104.68135,Durango_Durango_MEX
19.4071,-99.10708,19.41986,-99.1125,Venustiano Carranza_Distrito Federal_MEX
20.64057,-103.31652,20.63881,-103.31065,Tlaquepaque_Jalisco_MEX
19.4819,-99.18899,19.48435,-99.18434,Azcapotzalco_Distrito Federal_MEX
19.28036,-99.64878,19.28567,-99.65281,Toluca_México_MEX
19.65809,-99.20918,19.65787,-99.2093,Cuautitlán Izcalli_México_MEX
16.75343,-93.11497,16.75519,-93.11544,Tuxtla Gutiérrez_Chiapas_MEX
25.87408,-97.49984,25.88015,-97.50357,Matamoros_Tamaulipas_MEX
25.8526,-97.50333,25.8532,-97.50447,Heroica Matamoros_Tamaulipas_MEX
19.5259,-96.92381,19.52734,-96.92273,Xalapa_Veracruz_MEX
19.18112,-96.13487,19.19535,-96.13683,Veracruz_Veracruz_MEX
19.39585,-99.09863,19.3966,-99.09734,Iztacalco_Distrito Federal_MEX
26.09486,-98.27281,26.09279,-98.27747,Reynosa_Tamaulipas_MEX
25.76817,-100.1983,25.78205,-100.18895,Apodaca_Nuevo León_MEX
19.52111,-96.918,19.52398,-96.92074,Xalapa de Enríquez_Veracruz_MEX
25.91957,-109.17115,25.91984,-109.17434,Ahome_Sinaloa_MEX
19.26017,-99.10985,19.25803,-99.10848,Xochimilco_Distrito Federal_MEX
19.36806,-99.15846,19.3718,-99.15725,Benito Juárez_Distrito Federal_MEX
19.40395,-99.19078,19.40799,-99.19128,Miguel Hidalgo_Distrito Federal_MEX
21.49959,-104.89946,21.51195,-104.89164,Tepic_Nayarit_MEX
17.9905,-92.92959,17.98962,-92.92745,Centro_Tabasco_MEX
19.28145,-98.94865,19.27877,-98.94393,Valle de Chalco Solidaridad_México_MEX
19.29499,-98.94939,19.29333,-98.94152,Xico_México_MEX
17.99742,-92.90392,17.99864,-92.90197,Villahermosa_Tabasco_MEX
23.20243,-106.42785,23.2,-106.42175,Mazatlán_Sinaloa_MEX
18.92047,-99.23608,18.92264,-99.23501,Cuernavaca_Morelos_MEX
19.27587,-98.94095,19.27546,-98.94509,Xico Centro_México_MEX
20.67346,-101.34643,20.67305,-101.34792,Irapuato_Guanajuato_MEX
20.62494,-103.2463,20.62418,-103.2433,Tonalá_Jalisco_MEX
27.49384,-99.50746,27.49382,-99.50649,Nuevo Laredo_Tamaulipas_MEX
22.22129,-97.85325,22.21363,-97.85731,Tampico_Tamaulipas_MEX
25.80631,-100.31922,25.80848,-100.32285,General Escobedo_Nuevo León_MEX
23.71918,-99.15053,23.73059,-99.15135,Victoria_Tamaulipas_MEX
19.63551,-99.10062,19.64079,-99.09882,San Francisco Coacalco_México_MEX
19.63476,-99.09986,19.62875,-99.1044,Coacalco de Berriozábal_México_MEX
23.73076,-99.15532,23.7311,-99.15389,Ciudad Victoria_Tamaulipas_MEX
20.52106,-100.80897,20.52145,-100.81398,Celaya_Guanajuato_MEX
27.49182,-109.9267,27.49694,-109.93332,Cajeme_Sonora_MEX
19.7115,-98.96881,19.71129,-98.96889,Tecámac_México_MEX
17.07007,-96.72104,17.06173,-96.7261,Oaxaca_Oaxaca_MEX
17.07469,-96.72776,17.07565,-96.72698,Oaxaca de Juárez_Oaxaca_MEX
19.27024,-99.00503,19.27055,-99.00521,Tláhuac_Distrito Federal_MEX
27.4911,-109.93041,27.49285,-109.9354,Ciudad Obregón_Sonora_MEX
19.62774,-99.31356,19.62579,-99.31595,Nicolás Romero_México_MEX
19.31878,-98.89863,19.31649,-98.89632,Ixtapaluca_México_MEX
18.15722,-94.41586,18.14696,-94.41629,Coatzacoalcos_Veracruz_MEX
19.35761,-98.95553,19.35885,-98.95872,La Paz_México_MEX
25.78428,-108.98521,25.79269,-108.98897,Los Mochis_Sinaloa_MEX
20.12072,-98.73621,20.12171,-98.73678,Pachuca de Soto_Hidalgo_MEX
25.6757,-100.46023,25.67492,-100.46139,Santa Catarina_Nuevo León_MEX
19.421,-102.05712,19.42128,-102.06417,Uruapan_Michoacán_MEX
31.86696,-116.60787,31.86407,-116.61454,Ensenada_Baja California_MEX
19.30451,-99.23907,19.30519,-99.24111,La Magdalena Contreras_Distrito Federal_MEX
18.49826,-88.29889,18.49795,-88.30267,Othón P Blanco_Quintana Roo_MEX
19.8454,-90.54131,19.84549,-90.53702,Campeche_Campeche_MEX
19.35508,-98.95879,19.36059,-98.96147,Los Reyes Acaquilpan_México_MEX
25.5766,-103.48278,25.57858,-103.48744,Gómez Palacio_Durango_MEX
20.38855,-99.99683,20.38951,-99.99669,San Juan del Río_Querétaro_MEX
18.46507,-97.398,18.46297,-97.39277,Tehuacán_Puebla_MEX
26.90276,-101.41366,26.90127,-101.41637,Monclova_Coahuila_MEX
31.32796,-110.94477,31.32614,-110.94581,Nogales_Sonora_MEX
31.30435,-110.94571,31.30162,-110.95055,Heroica Nogales_Sonora_MEX
22.24746,-97.83655,22.24639,-97.83722,Ciudad Madero_Tamaulipas_MEX
14.91292,-92.26545,14.91117,-92.2646,Tapachula_Chiapas_MEX
20.52695,-97.4566,20.52709,-97.45917,Poza Rica de Hidalgo_Veracruz_MEX
22.18898,-100.9377,22.188,-100.9359,Soledad de Graciano Sánchez_San Luis Potosí_MEX
19.4181,-98.90282,19.41697,-98.90179,Chicoloapan_México_MEX
19.38266,-98.91449,19.4062,-98.91492,Chicoloapan de Juárez_México_MEX
24.16541,-110.31373,24.16185,-110.31322,La Paz_Baja California Sur_MEX
19.67502,-99.02707,19.67843,-99.03247,Ojo de Agua_México_MEX
19.25141,-99.60377,19.25137,-99.6045,Metepec_México_MEX
18.64332,-91.83842,18.63885,-91.83626,Carmen_Campeche_MEX
18.64765,-91.8035,18.65037,-91.80371,Ciudad del Carmen_Campeche_MEX
21.01261,-101.25139,21.01639,-101.25302,Guanajuato_Guanajuato_MEX
20.60817,-105.23545,20.60842,-105.23526,Puerto Vallarta_Jalisco_MEX
19.64633,-99.16847,19.64716,-99.16915,Tultitlán_México_MEX
19.25597,-98.90864,19.25778,-98.90484,Chalco_México_MEX
19.26852,-98.8978,19.26703,-98.89821,Chalco de Díaz Covarrubias_México_MEX
17.55228,-99.5011,17.55242,-99.50091,Chilpancingo de los Bravo_Guerrero_MEX
18.88462,-99.17051,18.88156,-99.17627,Jiutepec_Morelos_MEX
28.72125,-100.55034,28.72178,-100.56783,Piedras Negras_Coahuila_MEX
20.56473,-101.19061,20.56654,-101.199,Salamanca_Guanajuato_MEX
18.81097,-98.94821,18.81274,-98.95518,Cuautla_Morelos_MEX
18.50373,-88.29644,18.50193,-88.30298,Chetumal_Quintana Roo_MEX
19.43787,-100.35868,19.43658,-100.35728,Zitácuaro_Michoacán_MEX
18.88618,-96.93036,18.89376,-96.93519,Córdoba_Veracruz_MEX
20.95191,-97.40193,20.95378,-97.4067,Tuxpan_Veracruz_MEX
19.26793,-99.76224,19.27697,-99.77045,Zinacantepec_México_MEX
19.35428,-99.29888,19.35707,-99.29969,Cuajimalpa de Morelos_Distrito Federal_MEX
19.28646,-98.42741,19.28286,-98.4351,San Martín Texmelucan_Puebla_MEX
20.08576,-98.37311,20.08054,-98.36818,Tulancingo de Bravo_Hidalgo_MEX
19.79666,-99.10691,19.79808,-99.10033,Zumpango_México_MEX
32.48462,-114.78081,32.47913,-114.77943,San Luis Río Colorado_Sonora_MEX
25.65994,-100.39595,25.66532,-100.40224,San Pedro Garza García_Nuevo León_MEX
29.32457,-100.93228,29.32405,-100.93208,Acuña_Coahuila_MEX
19.10096,-96.10563,19.10136,-96.106,Boca del Río_Veracruz_MEX
22.77298,-102.57855,22.77166,-102.57355,Zacatecas_Zacatecas_MEX
19.98492,-102.27858,19.9843,-102.2862,Zamora_Michoacán_MEX
19.23993,-103.71606,19.24249,-103.7273,Colima_Colima_MEX
18.85314,-97.10582,18.84905,-97.10499,Orizaba_Veracruz_MEX
19.19152,-99.02357,19.19167,-99.02376,Milpa Alta_Distrito Federal_MEX
19.05918,-98.30407,19.06166,-98.30535,San Pedro Cholula_Puebla_MEX
16.73048,-92.6407,16.73159,-92.64229,San Cristóbal de las Casas_Chiapas_MEX
23.17395,-102.86739,23.17464,-102.86813,Fresnillo_Zacatecas_MEX
19.08506,-104.30812,19.08552,-104.30856,Manzanillo_Colima_MEX
17.98983,-94.54912,17.98235,-94.54235,Minatitlán_Veracruz_MEX
28.18085,-105.46939,28.19153,-105.46966,Delicias_Chihuahua_MEX
21.98768,-99.01229,21.98644,-99.01875,Ciudad Valles_San Luis Potosí_MEX
20.62743,-87.07426,20.62774,-87.07535,Solidaridad_Quintana Roo_MEX
25.97807,-98.09019,25.98128,-98.08998,Río Bravo_Tamaulipas_MEX
18.34521,-99.53021,18.34493,-99.53989,Iguala de la Independencia_Guerrero_MEX
17.64556,-101.54764,17.64224,-101.55229,Zihuatanejo de Azueta_Guerrero_MEX
27.06939,-109.44452,27.07255,-109.44563,Navojoa_Sonora_MEX
19.51483,-98.88102,19.51363,-98.88165,Texcoco_México_MEX
26.93244,-105.66538,26.93304,-105.66347,Hidalgo del Parral_Chihuahua_MEX
20.91645,-97.67377,20.91679,-97.67623,Temapache_Veracruz_MEX
20.62696,-87.07459,20.63022,-87.0711,Playa del Carmen_Quintana Roo_MEX
19.26557,-103.73544,19.26485,-103.7363,Villa de Álvarez_Colima_MEX
12.11693,-86.23987,12.1172,-86.24079,Managua_Managua_NIC
12.42214,-86.8733,12.43696,-86.87317,León_León_NIC
11.97943,-86.08323,11.97718,-86.09201,Masaya_Masaya_NIC
12.94111,-85.89176,12.91989,-85.92339,Matagalpa_Matagalpa_NIC
12.62874,-87.11753,12.62603,-87.12737,Chinandega_Chinandega_NIC
13.05075,-86.46889,13.08984,-86.35704,Estelí_Estelí_NIC
11.94663,-85.94861,11.9303,-85.95435,Granada_Granada_NIC
12.19601,-86.10258,12.1788,-86.1003,Tipitapa_Managua_NIC
8.95218,-79.53258,8.95239,-79.5354,Ciudad de Panamá_Panamá_PAN
9.05845,-79.50879,9.05407,-79.49875,San Miguelito_Panamá_PAN
8.86896,-79.78293,8.87596,-79.7862,La Chorrera_Panamá Oeste_PAN
18.4599,-66.08642,18.46633,-66.10474,San Juan_Puerto Rico_PRI
18.39698,-66.15348,18.39409,-66.14738,Bayamón_Puerto Rico_PRI
18.43799,-66.0226,18.44284,-66.02399,Carolina_Puerto Rico_PRI
18.01742,-66.61923,18.01165,-66.61442,Ponce_Puerto Rico_PRI
13.71327,-89.17936,13.69967,-89.2068,San Salvador_San Salvador_SLV
13.70279,-89.16061,13.70424,-89.14991,Soyapango_San Salvador_SLV
13.73127,-89.18913,13.72491,-89.19047,Mejicanos_San Salvador_SLV
13.68988,-89.2682,13.67299,-89.28301,Nueva San Salvador_La Libertad_SLV
13.6884,-89.12983,13.69392,-89.12587,Ilopango_San Salvador_SLV
40.75377,-73.99721,40.71455,-74.00714,New York_New York_USA
34.11531,-118.33598,34.05349,-118.24532,Los Angeles_California_USA
41.95759,-87.69957,41.88425,-87.63245,Chicago_Illinois_USA
40.70607,-73.94378,40.69245,-73.99036,Brooklyn_New York_USA
40.64354,-73.78452,40.714,-73.82999,Queens_New York_USA
29.8607,-95.56406,29.76058,-95.36968,Houston_Texas_USA
40.73284,-73.9808,40.71442,-74.00608,Manhattan_New York_USA
33.49956,-111.94987,33.44825,-112.0758,Phoenix_Arizona_USA
40.12383,-75.01617,39.95222,-75.16218,Philadelphia_Pennsylvania_USA
40.81915,-73.83593,40.826,-73.92309,Bronx_New York_USA
29.38137,-98.53916,29.42458,-98.49461,San Antonio_Texas_USA
32.83608,-117.0121,32.71568,-117.16171,San Diego_California_USA
32.65996,-96.84646,32.77815,-96.7954,Dallas_Texas_USA
37.24295,-121.75963,37.33865,-121.88542,San Jose_California_USA
42.31793,-83.09008,42.33168,-83.048,Detroit_Michigan_USA
30.40162,-81.56404,30.33147,-81.65622,Jacksonville_Florida_USA
37.75216,-122.40078,37.77712,-122.41964,San Francisco_California_USA
40.72368,-73.54357,40.70981,-73.5897,Town of Hempstead_New York_USA
39.9986,-83.00126,39.96199,-83.00275,Columbus_Ohio_USA
30.4148,-97.7232,30.26759,-97.74299,Austin_Texas_USA
39.79609,-86.10231,39.76691,-86.14996,Indianapolis_Indiana_USA
32.82589,-97.30877,32.75095,-97.33086,Fort Worth_Texas_USA
35.19822,-89.79666,35.14976,-90.04925,Memphis_Tennessee_USA
35.08243,-80.81418,35.22286,-80.83796,Charlotte_North Carolina_USA
39.30553,-76.53059,39.29058,-76.60926,Baltimore_Maryland_USA
31.76988,-106.2297,31.75916,-106.48749,El Paso_Texas_USA
43.07889,-87.87957,43.042,-87.90687,Milwaukee_Wisconsin_USA
42.29,-71.14706,42.35866,-71.05674,Boston_Massachusetts_USA
47.67573,-122.26545,47.60357,-122.32945,Seattle_Washington_USA
36.03321,-86.77547,36.16784,-86.77816,Nashville_Tennessee_USA
39.70403,-104.88609,39.74001,-104.99202,Denver_Colorado_USA
38.91954,-77.03571,38.89037,-77.03196,Washington_District of Columbia_USA
36.16602,-115.06237,36.17191,-115.13997,Las Vegas_Nevada_USA
45.5522,-122.57787,45.51179,-122.67563,Portland_Oregon_USA
35.52234,-97.52983,35.47203,-97.52107,Oklahoma City_Oklahoma_USA
32.15546,-110.77256,32.22155,-110.96976,Tucson_Arizona_USA
35.12985,-106.69411,35.08423,-106.64905,Albuquerque_New Mexico_USA
40.80591,-72.87199,40.78442,-73.01953,Town of Brookhaven_New York_USA
40.63926,-74.08179,40.64242,-74.07527,Staten Island_New York_USA
36.84238,-119.75408,36.74066,-119.78576,Fresno_California_USA
33.82598,-118.20757,33.76672,-118.1924,Long Beach_California_USA
38.60669,-121.45786,38.57933,-121.4909,Sacramento_California_USA
33.35942,-111.67707,33.41704,-111.83146,Mesa_Arizona_USA
39.08412,-94.58652,39.10345,-94.58311,Kansas City_Missouri_USA
41.43254,-81.76954,41.50473,-81.69074,Cleveland_Ohio_USA
36.78621,-76.0791,36.75528,-76.05962,Virginia Beach_Virginia_USA
41.20324,-96.14776,41.26067,-95.94056,Omaha_Nebraska_USA
33.77663,-84.46496,33.74831,-84.39111,Atlanta_Georgia_USA
25.77515,-80.20316,25.77481,-80.19773,Miami_Florida_USA
37.83733,-122.27594,37.80508,-122.27307,Oakland_California_USA
36.16757,-95.9879,36.14974,-95.99333,Tulsa_Oklahoma_USA
44.97163,-93.24945,44.97902,-93.26494,Minneapolis_Minnesota_USA
38.94734,-104.76785,38.83348,-104.82181,Colorado Springs_Colorado_USA
35.88003,-78.54158,35.78551,-78.64267,Raleigh_North Carolina_USA
21.34398,-158.11387,21.30493,-157.85788,Honolulu_Hawaii_USA
32.75756,-97.15678,32.7356,-97.10772,Arlington_Texas_USA
37.67436,-97.34929,37.68698,-97.33558,Wichita_Kansas_USA
38.64448,-90.26452,38.62775,-90.19956,St Louis_Missouri_USA
33.7733,-117.85232,33.74958,-117.87446,Santa Ana_California_USA
27.96368,-82.40139,27.94653,-82.45927,Tampa_Florida_USA
40.73062,-73.29721,40.72969,-73.21097,Town of Islip_New York_USA
33.81176,-117.92836,33.83286,-117.91524,Anaheim_California_USA
39.17319,-84.43608,39.10713,-84.50413,Cincinnati_Ohio_USA
35.27713,-119.05811,35.36723,-119.01886,Bakersfield_California_USA
39.69652,-104.86436,39.70932,-104.81458,Aurora_Colorado_USA
40.42452,-80.06742,40.43851,-79.99734,Pittsburgh_Pennsylvania_USA
41.58998,-83.62166,41.65381,-83.53626,Toledo_Ohio_USA
33.92651,-117.44073,33.98171,-117.37404,Riverside_California_USA
40.78888,-73.49823,40.87302,-73.53148,Town of Oyster Bay_New York_USA
37.99585,-121.31151,37.95367,-121.29075,Stockton_California_USA
27.70648,-97.37477,27.79641,-97.40374,Corpus Christi_Texas_USA
40.69247,-74.18391,40.73197,-74.17421,Newark_New Jersey_USA
61.26454,-149.70541,61.21753,-149.85825,Anchorage_Alaska_USA
44.95632,-93.18515,44.94339,-93.09648,St Paul_Minnesota_USA
42.89834,-78.88421,42.88544,-78.87846,Buffalo_New York_USA
33.05782,-96.74974,33.02079,-96.69925,Plano_Texas_USA
38.2293,-85.81198,38.25486,-85.7664,Louisville_Kentucky_USA
33.53191,-112.37589,33.53861,-112.18627,Glendale_Arizona_USA
41.10366,-85.04577,41.08026,-85.13831,Fort Wayne_Indiana_USA
36.02885,-115.07063,36.03123,-114.98151,Henderson_Nevada_USA
40.81453,-96.63096,40.81362,-96.7073,Lincoln_Nebraska_USA
36.05124,-79.90242,36.06899,-79.7947,Greensboro_North Carolina_USA
27.79224,-82.7352,27.77119,-82.63876,St Petersburg_Florida_USA
33.29695,-111.82436,33.30338,-111.84083,Chandler_Arizona_USA
40.68771,-74.09814,40.71748,-74.04385,Jersey City_New Jersey_USA
29.96742,-90.07418,29.9537,-90.07775,New Orleans_Louisiana_USA
36.85851,-76.20743,36.84682,-76.28506,Norfolk_Virginia_USA
33.57527,-111.86131,33.494,-111.92069,Scottsdale_Arizona_USA
33.53116,-86.77107,33.52068,-86.81176,Birmingham_Alabama_USA
43.08387,-89.3176,43.07295,-89.38669,Madison_Wisconsin_USA
28.51674,-81.36645,28.53823,-81.37739,Orlando_Florida_USA
30.52001,-91.12739,30.44334,-91.18699,Baton Rouge_Louisiana_USA
40.77788,-73.6368,40.79614,-73.69917,Town of North Hempstead_New York_USA
38.06862,-84.52804,38.04859,-84.50032,Lexington_Kentucky_USA
36.7956,-76.31136,36.71429,-76.24784,Chesapeake_Virginia_USA
32.98523,-96.67256,32.91427,-96.63655,Garland_Texas_USA
35.96407,-78.95988,35.99542,-78.89644,Durham_North Carolina_USA
27.52053,-99.50979,27.53092,-99.50223,Laredo_Texas_USA
32.60789,-116.98136,32.6409,-117.08428,Chula Vista_California_USA
33.54339,-101.84866,33.58451,-101.84501,Lubbock_Texas_USA
36.06716,-80.29937,36.10001,-80.24116,Winston-Salem_North Carolina_USA
39.51547,-119.80794,39.52756,-119.8135,Reno_Nevada_USA
40.66806,-73.39187,40.70494,-73.37342,Town of Babylon_New York_USA
25.84396,-80.30898,25.82698,-80.2815,Hialeah_Florida_USA
36.2319,-115.1545,36.20051,-115.11888,North Las Vegas_Nevada_USA
41.06832,-81.53153,41.08421,-81.51405,Akron_Ohio_USA
33.33776,-111.72948,33.3298,-111.78997,Gilbert_Arizona_USA
43.15687,-77.60439,43.1558,-77.61632,Rochester_New York_USA
32.36729,-86.32146,32.38015,-86.30008,Montgomery_Alabama_USA
37.70203,-121.05841,37.64138,-121.00325,Modesto_California_USA
40.88834,-73.37238,40.87448,-73.41924,Town of Huntington_New York_USA
43.59706,-116.22772,43.60761,-116.1934,Boise_Idaho_USA
37.49671,-121.92166,37.55091,-121.98217,Fremont_California_USA
33.67181,-117.76963,33.6873,-117.82591,Irvine_California_USA
47.72608,-117.45112,47.65726,-117.41228,Spokane_Washington_USA
37.50547,-77.51146,37.5407,-77.43365,Richmond_Virginia_USA
32.4484,-93.71212,32.51487,-93.74689,Shreveport_Louisiana_USA
32.85599,-96.91615,32.81351,-96.9555,Irving_Texas_USA
34.0682,-117.2437,34.10524,-117.29412,San Bernardino_California_USA
40.91933,-73.90026,40.93299,-73.89874,Yonkers_New York_USA
41.55918,-93.69948,41.58976,-93.61565,Des Moines_Iowa_USA
34.16043,-118.21305,34.14633,-118.24864,Glendale_California_USA
47.2554,-122.51059,47.25513,-122.44164,Tacoma_Washington_USA
42.91409,-85.57861,42.96641,-85.67118,Grand Rapids_Michigan_USA
33.65942,-117.98846,33.67889,-118.00157,Huntington Beach_California_USA
30.68974,-88.03862,30.68648,-88.05297,Mobile_Alabama_USA
33.91006,-117.22559,33.91684,-117.26113,Moreno Valley_California_USA
34.73783,-92.30087,34.7487,-92.27485,Little Rock_Arkansas_USA
32.42732,-84.94237,32.46288,-84.98757,Columbus_Georgia_USA
35.19103,-101.9377,35.20725,-101.83389,Amarillo_Texas_USA
34.16063,-119.2215,34.20034,-119.18012,Oxnard_California_USA
26.09591,-80.19907,26.12367,-80.14356,Fort Lauderdale_Florida_USA
35.92192,-84.0558,35.96068,-83.92103,Knoxville_Tennessee_USA
34.11441,-117.43585,34.10261,-117.43576,Fontana_California_USA
40.76889,-111.90826,40.76031,-111.88822,Salt Lake City_Utah_USA
37.18867,-76.55706,37.08351,-76.48061,Newport News_Virginia_USA
32.33359,-90.1587,32.29869,-90.18049,Jackson_Mississippi_USA
33.43516,-111.94201,33.42551,-111.93724,Tempe_Arizona_USA
42.28502,-71.80221,42.26341,-71.80219,Worcester_Massachusetts_USA
25.97005,-97.52362,25.90209,-97.49924,Brownsville_Texas_USA
41.85205,-71.40972,41.82387,-71.41199,Providence_Rhode Island_USA
35.11094,-78.87354,35.05534,-78.87727,Fayetteville_North Carolina_USA
34.72566,-86.59703,34.72929,-86.5851,Huntsville_Alabama_USA
34.07748,-117.59032,34.06457,-117.6481,Ontario_California_USA
41.76552,-88.31146,41.75707,-88.31606,Aurora_Illinois_USA
34.09313,-117.59349,34.10262,-117.57385,Rancho Cucamonga_California_USA
34.39592,-118.55515,34.41387,-118.55121,Santa Clarita_California_USA
35.04426,-85.16188,35.04672,-85.30947,Chattanooga_Tennessee_USA
38.91363,-94.71997,38.9858,-94.67161,Overland Park_Kansas_USA
30.47077,-84.28948,30.43977,-84.28065,Tallahassee_Florida_USA
33.24934,-117.26508,33.19715,-117.38058,Oceanside_California_USA
33.78235,-117.95767,33.77607,-117.93616,Garden Grove_California_USA
45.6467,-122.61682,45.63221,-122.67156,Vancouver_Washington_USA
32.75024,-97.0213,32.7477,-97.0072,Grand Prairie_Texas_USA
26.65288,-81.97414,26.62982,-81.95694,Cape Coral_Florida_USA
39.60647,-84.12556,39.62392,-84.18875,Washington Twp_Ohio_USA
42.28386,-89.0283,42.2669,-89.07806,Rockford_Illinois_USA
39.76353,-84.22314,39.7592,-84.19381,Dayton_Ohio_USA
37.15749,-93.22525,37.20897,-93.29156,Springfield_Missouri_USA
38.44105,-122.72612,38.4379,-122.71244,Santa Rosa_California_USA
34.02264,-117.77089,34.05486,-117.75003,Pomona_California_USA
44.88297,-123.03575,44.93326,-123.04381,Salem_Oregon_USA
43.51127,-96.631,43.54577,-96.73128,Sioux Falls_South Dakota_USA
27.36541,-80.35024,27.27418,-80.36331,Port St Lucie_Florida_USA
33.89692,-117.54831,33.87852,-117.57494,Corona_California_USA
42.10825,-72.59961,42.10125,-72.58929,Springfield_Massachusetts_USA
44.06679,-123.10381,44.04992,-123.08854,Eugene_Oregon_USA
26.00878,-80.21698,26.00811,-80.28011,Pembroke Pines_Florida_USA
33.72468,-112.27952,33.57731,-112.2409,Peoria_Arizona_USA
40.90428,-74.13808,40.91661,-74.17164,Paterson_New Jersey_USA
29.69039,-95.21026,29.69084,-95.1957,Pasadena_Texas_USA
37.03594,-76.38272,37.02779,-76.34512,Hampton_Virginia_USA
41.5115,-88.0947,41.52493,-88.08459,Joliet_Illinois_USA
34.69494,-118.18676,34.6989,-118.14478,Lancaster_California_USA
36.7153,-121.66006,36.67088,-121.65482,Salinas_California_USA
34.13619,-118.15118,34.14745,-118.14427,Pasadena_California_USA
41.78146,-88.22528,41.77083,-88.15302,Naperville_Illinois_USA
26.02376,-80.23236,26.01041,-80.16008,Hollywood_Florida_USA
39.11677,-94.75663,39.11352,-94.62682,Kansas City_Kansas_USA
33.83695,-118.31326,33.83705,-118.34312,Torrance_California_USA
37.60789,-122.04979,37.67134,-122.08554,Hayward_California_USA
34.55538,-118.03073,34.57923,-118.11657,Palmdale_California_USA
39.72676,-105.12866,39.71092,-105.08207,Lakewood_Colorado_USA
38.80268,-77.06462,38.8046,-77.04341,Alexandria_Virginia_USA
42.99603,-76.15273,43.05028,-76.14738,Syracuse_New York_USA
41.22186,-73.1789,41.18188,-73.19127,Bridgeport_Connecticut_USA
33.14258,-117.10485,33.12316,-117.08217,Escondido_California_USA
33.78888,-117.81727,33.78787,-117.85071,Orange_California_USA
42.4545,-83.03755,42.51111,-83.02852,Warren_Michigan_USA
40.58513,-105.12019,40.58147,-105.07626,Fort Collins_Colorado_USA
33.88151,-117.9209,33.87033,-117.92896,Fullerton_California_USA
32.76655,-96.5992,32.78339,-96.60208,Mesquite_Texas_USA
38.39327,-121.44276,38.40902,-121.36514,Elk Grove_California_USA
37.3839,-122.05298,37.37172,-122.038,Sunnyvale_California_USA
31.98313,-81.17219,32.08091,-81.09119,Savannah_Georgia_USA
42.57621,-83.02994,42.5934,-83.01356,Sterling Heights_Michigan_USA
26.17033,-98.23057,26.20742,-98.22936,McAllen_Texas_USA
26.30502,-80.28032,26.27249,-80.25331,Coral Springs_Florida_USA
41.11486,-74.09969,41.13152,-74.067,Town of Ramapo_New York_USA
41.98714,-91.65601,41.97634,-91.67376,Cedar Rapids_Iowa_USA
40.63926,-74.2076,40.66381,-74.21144,Elizabeth_New Jersey_USA
34.03891,-81.01341,33.99882,-81.04537,Columbia_South Carolina_USA
41.78454,-72.70419,41.76349,-72.67402,Hartford_Connecticut_USA
41.27068,-72.88995,41.30762,-72.92462,New Haven_Connecticut_USA
32.97353,-96.92058,32.97555,-96.89023,Carrollton_Texas_USA
34.20781,-118.88082,34.1757,-118.84809,Thousand Oaks_California_USA
39.03698,-95.62304,39.04928,-95.67118,Topeka_Kansas_USA
40.69552,-111.99144,40.69421,-111.95789,West Valley City_Utah_USA
42.98234,-78.82155,43.01888,-78.78276,Town of Amherst_New York_USA
34.0732,-118.03009,34.07114,-118.03105,El Monte_California_USA
31.5472,-97.12384,31.57182,-97.1495,Waco_Texas_USA
35.76433,-78.74468,35.78975,-78.78116,Cary_North Carolina_USA
47.54215,-122.19033,47.61002,-122.18785,Bellevue_Washington_USA
37.95633,-121.96893,37.98165,-122.02583,Concord_California_USA
34.27228,-118.77879,34.28946,-118.71766,Simi Valley_California_USA
36.60902,-87.38742,36.53121,-87.35992,Clarksville_Tennessee_USA
36.32472,-119.31529,36.33377,-119.29291,Visalia_California_USA
41.1245,-73.60665,41.05182,-73.54223,Stamford_Connecticut_USA
38.88712,-94.85245,38.88353,-94.81887,Olathe_Kansas_USA
40.8855,-73.15289,40.85521,-73.19839,Town of Smithtown_New York_USA
40.24981,-111.70893,40.2337,-111.6685,Provo_Utah_USA
39.71307,-89.58635,39.80105,-89.6436,Springfield_Illinois_USA
37.97279,-87.50145,37.97708,-87.56405,Evansville_Indiana_USA
32.41264,-99.70635,32.44917,-99.74142,Abilene_Texas_USA
33.20747,-96.67962,33.19895,-96.615,McKinney_Texas_USA
38.10288,-122.21148,38.10095,-122.25495,Vallejo_California_USA
33.19154,-97.14013,33.21659,-97.13162,Denton_Texas_USA
42.28539,-83.73503,42.2821,-83.74847,Ann Arbor_Michigan_USA
42.71905,-84.52228,42.73194,-84.55225,Lansing_Michigan_USA
42.98261,-83.67809,43.01144,-83.68679,Flint_Michigan_USA
29.65422,-82.41363,29.65195,-82.32278,Gainesville_Florida_USA
40.76285,-89.61205,40.69236,-89.58799,Peoria_Illinois_USA
30.19309,-91.99549,30.22032,-92.01705,Lafayette_Louisiana_USA
33.9695,-118.36978,33.96178,-118.35674,Inglewood_California_USA
31.01677,-97.75342,31.11689,-97.72737,Killeen_Texas_USA
39.92057,-104.92898,39.86948,-104.98541,Thornton_Colorado_USA
39.08816,-94.39019,39.09324,-94.41563,Independence_Missouri_USA
32.73246,-79.93291,32.78115,-79.9316,Charleston_South Carolina_USA
37.33706,-121.9982,37.35579,-121.95509,Santa Clara_California_USA
30.00211,-94.18433,30.08615,-94.10135,Beaumont_Texas_USA
33.64047,-117.92088,33.66389,-117.90237,Costa Mesa_California_USA
42.95513,-71.43017,42.99117,-71.46309,Manchester_New Hampshire_USA
38.7684,-121.26894,38.74897,-121.28403,Roseville_California_USA
25.99334,-80.25234,25.98205,-80.22052,Miramar_Florida_USA
33.96322,-118.11229,33.94041,-118.12794,Downey_California_USA
34.52863,-117.33537,34.51061,-117.32364,Victorville_California_USA
41.55367,-73.08281,41.55407,-73.04617,Waterbury_Connecticut_USA
40.61753,-75.4639,40.60263,-75.47027,Allentown_Pennsylvania_USA
35.2044,-97.41438,35.22076,-97.4466,Norman_Oklahoma_USA
28.01347,-82.73196,27.96558,-82.79975,Clearwater_Florida_USA
34.07076,-117.92491,34.07214,-117.93807,West Covina_California_USA
39.80373,-105.07535,39.80203,-105.08784,Arvada_Colorado_USA
39.84903,-105.05105,39.86347,-105.04887,Westminster_Colorado_USA
42.0584,-88.28952,42.03956,-88.28324,Elgin_Illinois_USA
41.65438,-86.22565,41.67907,-86.25405,South Bend_Indiana_USA
38.23058,-122.06627,38.24923,-122.04388,Fairfield_California_USA
31.92559,-102.21022,32.00002,-102.07446,Midland_Texas_USA
38.32399,-104.62278,38.26386,-104.61237,Pueblo_Colorado_USA
33.89491,-118.08252,33.91681,-118.07252,Norwalk_California_USA
42.1399,-80.07099,42.12982,-80.0855,Erie_Pennsylvania_USA
42.644,-71.37513,42.64588,-71.31284,Lowell_Massachusetts_USA
34.20104,-118.36401,34.18193,-118.30765,Burbank_California_USA
34.26307,-119.22884,34.28082,-119.29232,Ventura_California_USA
26.27285,-80.13355,26.23145,-80.12522,Pompano Beach_Florida_USA
40.62167,-111.97779,40.6074,-111.93876,West Jordan_Utah_USA
36.82925,-76.30885,36.83273,-76.29771,Portsmouth_Virginia_USA
45.80495,-108.68174,45.78397,-108.50579,Billings_Montana_USA
33.89789,-98.55743,33.9083,-98.50099,Wichita Falls_Texas_USA
37.94128,-122.37465,37.93781,-122.34271,Richmond_California_USA
42.36032,-71.0839,42.36679,-71.10601,Cambridge_Massachusetts_USA
37.86274,-122.24677,37.86988,-122.27054,Berkeley_California_USA
37.6755,-122.47307,37.69109,-122.47279,Daly City_California_USA
44.48438,-87.90749,44.513,-88.01001,Green Bay_Wisconsin_USA
35.92258,-80.01332,35.95536,-80.0052,High Point_North Carolina_USA
27.93423,-80.63465,27.99954,-80.67263,Palm Bay_Florida_USA
